[
  {
    "username": "abc",
    "password": "123"
  },
  {
    "username": "user1",
    "password": "password1"
  },
  {
    "username": "admin",
    "password": "admin"
  },
  {
    "id": 4,
    "username": "sujal",
    "password": "1010"
  },
  {
    "id": 5,
    "username": "sujal._10",
    "password": "ll"
  },
  {
    "id": 6,
    "username": "sujal1",
    "password": "ll0"
  },
  {
    "id": 7,
    "username": "ss",
    "password": "11"
  },
  {
    "id": 8,
    "username": "akansha",
    "password": "32"
  },
  {
    "id": 9,
    "username": "shweta",
    "password": "12"
  },
  {
    "id": 10,
    "username": "shruti",
    "password": "13"
  },
  {
    "id": 11,
    "username": "shubham",
    "password": "14"
  },
  {
    "id": 12,
    "username": "anshu",
    "password": "15"
  }
]